[
  {
    "code": "CGK",
    "name": "Soekarno-Hatta International Airport",
    "city": "Jakarta / Tangerang",
    "province": "Banten"
  },
  {
    "code": "HLP",
    "name": "Halim Perdanakusuma Airport",
    "city": "Jakarta",
    "province": "DKI Jakarta"
  },
  {
    "code": "DPS",
    "name": "I Gusti Ngurah Rai International Airport",
    "city": "Denpasar",
    "province": "Bali"
  },
  {
    "code": "SUB",
    "name": "Juanda International Airport",
    "city": "Surabaya",
    "province": "Jawa Timur"
  },
  {
    "code": "UPG",
    "name": "Sultan Hasanuddin International Airport",
    "city": "Makassar",
    "province": "Sulawesi Selatan"
  },
  {
    "code": "KNO",
    "name": "Kualanamu International Airport",
    "city": "Medan",
    "province": "Sumatera Utara"
  },
  {
    "code": "JOG",
    "name": "Adisutjipto International Airport",
    "city": "Yogyakarta",
    "province": "DI Yogyakarta"
  },
  {
    "code": "YIA",
    "name": "Yogyakarta International Airport",
    "city": "Kulon Progo",
    "province": "DI Yogyakarta"
  },
  {
    "code": "BPN",
    "name": "Sultan Aji Muhammad Sulaiman Sepinggan",
    "city": "Balikpapan",
    "province": "Kalimantan Timur"
  },
  {
    "code": "BTH",
    "name": "Hang Nadim International Airport",
    "city": "Batam",
    "province": "Kepulauan Riau"
  },
  {
    "code": "PLM",
    "name": "Sultan Mahmud Badaruddin II",
    "city": "Palembang",
    "province": "Sumatera Selatan"
  },
  {
    "code": "SRG",
    "name": "Jenderal Ahmad Yani",
    "city": "Semarang",
    "province": "Jawa Tengah"
  },
  {
    "code": "SOC",
    "name": "Adi Soemarmo",
    "city": "Surakarta (Solo)",
    "province": "Jawa Tengah"
  },
  {
    "code": "PKU",
    "name": "Sultan Syarif Kasim II",
    "city": "Pekanbaru",
    "province": "Riau"
  },
  {
    "code": "PNK",
    "name": "Supadio",
    "city": "Pontianak",
    "province": "Kalimantan Barat"
  },
  {
    "code": "MDC",
    "name": "Sam Ratulangi",
    "city": "Manado",
    "province": "Sulawesi Utara"
  },
  {
    "code": "LOP",
    "name": "Zainuddin Abdul Madjid",
    "city": "Lombok",
    "province": "Nusa Tenggara Barat"
  },
  {
    "code": "KOE",
    "name": "El Tari",
    "city": "Kupang",
    "province": "Nusa Tenggara Timur"
  },
  {
    "code": "DJJ",
    "name": "Sentani",
    "city": "Jayapura",
    "province": "Papua"
  },
  {
    "code": "SOQ",
    "name": "Domine Eduard Osok",
    "city": "Sorong",
    "province": "Papua Barat Daya"
  }
]
