[
  {"code": "BTJ", "name": "Sultan Iskandar Muda", "city": "Banda Aceh", "province": "Aceh"},
  {"code": "KNO", "name": "Kualanamu", "city": "Medan / Deli Serdang", "province": "Sumatera Utara"},
  {"code": "DTB", "name": "Silangit (Raja Sisingamangaraja XII)", "city": "Siborong-Borong", "province": "Sumatera Utara"},
  {"code": "FLZ", "name": "Ferdinand Lumban Tobing", "city": "Sibolga", "province": "Sumatera Utara"},
  {"code": "PDG", "name": "Minangkabau", "city": "Padang / Pariaman", "province": "Sumatera Barat"},
  {"code": "PKU", "name": "Sultan Syarif Kasim II", "city": "Pekanbaru", "province": "Riau"},
  {"code": "BTH", "name": "Hang Nadim", "city": "Batam", "province": "Kepulauan Riau"},
  {"code": "TNJ", "name": "Raja Haji Fisabilillah", "city": "Tanjung Pinang", "province": "Kepulauan Riau"},
  {"code": "DJB", "name": "Sultan Thaha", "city": "Jambi", "province": "Jambi"},
  {"code": "PLM", "name": "Sultan Mahmud Badaruddin II", "city": "Palembang", "province": "Sumatera Selatan"},
  {"code": "BKS", "name": "Fatmawati Soekarno", "city": "Bengkulu", "province": "Bengkulu"},
  {"code": "TKG", "name": "Radin Inten II", "city": "Bandar Lampung", "province": "Lampung"},
  {"code": "PGK", "name": "Depati Amir", "city": "Pangkal Pinang", "province": "Bangka Belitung"},
  {"code": "TJQ", "name": "H.A.S. Hanandjoeddin", "city": "Tanjung Pandan (Belitung)", "province": "Bangka Belitung"},
  {"code": "CGK", "name": "Soekarno-Hatta", "city": "Jakarta / Tangerang", "province": "Banten"},
  {"code": "HLP", "name": "Halim Perdanakusuma", "city": "Jakarta", "province": "DKI Jakarta"},
  {"code": "BDO", "name": "Husein Sastranegara", "city": "Bandung", "province": "Jawa Barat"},
  {"code": "KJT", "name": "Kertajati (Majalengka)", "city": "Majalengka", "province": "Jawa Barat"},
  {"code": "SRG", "name": "Jenderal Ahmad Yani", "city": "Semarang", "province": "Jawa Tengah"},
  {"code": "SOC", "name": "Adi Soemarmo", "city": "Surakarta (Solo)", "province": "Jawa Tengah"},
  {"code": "JOG", "name": "Adisutjipto", "city": "Yogyakarta", "province": "DI Yogyakarta"},
  {"code": "YIA", "name": "Yogyakarta International Airport", "city": "Kulon Progo", "province": "DI Yogyakarta"},
  {"code": "SUB", "name": "Juanda", "city": "Surabaya", "province": "Jawa Timur"},
  {"code": "MLG", "name": "Abdul Rachman Saleh", "city": "Malang", "province": "Jawa Timur"},
  {"code": "BWX", "name": "Banyuwangi", "city": "Banyuwangi", "province": "Jawa Timur"},
  {"code": "PNK", "name": "Supadio", "city": "Pontianak", "province": "Kalimantan Barat"},
  {"code": "PKN", "name": "Iskandar", "city": "Pangkalan Bun", "province": "Kalimantan Tengah"},
  {"code": "SMQ", "name": "H. Asan", "city": "Sampit", "province": "Kalimantan Tengah"},
  {"code": "PKY", "name": "Tjilik Riwut", "city": "Palangkaraya", "province": "Kalimantan Tengah"},
  {"code": "BDJ", "name": "Syamsudin Noor", "city": "Banjarmasin", "province": "Kalimantan Selatan"},
  {"code": "BPN", "name": "SAMS Sepinggan", "city": "Balikpapan", "province": "Kalimantan Timur"},
  {"code": "AAP", "name": "Aji Pangeran Tumenggung Pranoto", "city": "Samarinda", "province": "Kalimantan Timur"},
  {"code": "BEJ", "name": "Kalimarau", "city": "Berau", "province": "Kalimantan Timur"},
  {"code": "TRK", "name": "Juwata", "city": "Tarakan", "province": "Kalimantan Utara"},
  {"code": "DPS", "name": "I Gusti Ngurah Rai", "city": "Denpasar", "province": "Bali"},
  {"code": "LOP", "name": "Zainuddin Abdul Madjid", "city": "Lombok", "province": "Nusa Tenggara Barat"},
  {"code": "SWQ", "name": "Sultan Muhammad Kaharuddin III", "city": "Sumbawa Besar", "province": "Nusa Tenggara Barat"},
  {"code": "BMU", "name": "Sultan Muhammad Salahudin", "city": "Bima", "province": "Nusa Tenggara Barat"},
  {"code": "KOE", "name": "El Tari", "city": "Kupang", "province": "Nusa Tenggara Timur"},
  {"code": "LBJ", "name": "Komodo", "city": "Labuan Bajo", "province": "Nusa Tenggara Timur"},
  {"code": "ENE", "name": "H. Hasan Aroeboesman", "city": "Ende", "province": "Nusa Tenggara Timur"},
  {"code": "MOF", "name": "Frans Seda", "city": "Maumere", "province": "Nusa Tenggara Timur"},
  {"code": "TMC", "name": "Tambolaka", "city": "Sumba Barat Daya", "province": "Nusa Tenggara Timur"},
  {"code": "MDC", "name": "Sam Ratulangi", "city": "Manado", "province": "Sulawesi Utara"},
  {"code": "GTO", "name": "Djalaluddin", "city": "Gorontalo", "province": "Gorontalo"},
  {"code": "PLW", "name": "Mutiara SIS Al-Jufrie", "city": "Palu", "province": "Sulawesi Tengah"},
  {"code": "LUW", "name": "Syukuran Aminuddin Amir", "city": "Luwuk", "province": "Sulawesi Tengah"},
  {"code": "MJU", "name": "Tampa Padang", "city": "Mamuju", "province": "Sulawesi Barat"},
  {"code": "UPG", "name": "Sultan Hasanuddin", "city": "Makassar", "province": "Sulawesi Selatan"},
  {"code": "KDI", "name": "Haluoleo", "city": "Kendari", "province": "Sulawesi Tenggara"},
  {"code": "TTE", "name": "Sultan Babullah", "city": "Ternate", "province": "Maluku Utara"},
  {"code": "AMQ", "name": "Pattimura", "city": "Ambon", "province": "Maluku"},
  {"code": "SOQ", "name": "Domine Eduard Osok", "city": "Sorong", "province": "Papua Barat Daya"},
  {"code": "MKW", "name": "Rendani", "city": "Manokwari", "province": "Papua Barat"},
  {"code": "DJJ", "name": "Sentani", "city": "Jayapura", "province": "Papua"},
  {"code": "BIK", "name": "Frans Kaisiepo", "city": "Biak", "province": "Papua"},
  {"code": "TIM", "name": "Mozes Kilangin", "city": "Timika", "province": "Papua Tengah"},
  {"code": "MKQ", "name": "Mopah", "city": "Merauke", "province": "Papua Selatan"}
]
